YouTube ID,start seconds,label,train/test split
---g-f_I2yQ,1,people marching,test
-4viN_EoxOA,0,playing saxophone,test
-GW1J75oAKU,304,"playing violin, fiddle",test
-Gr9P8Abnlk,110,toilet flushing,test
-K-ccLMFE5M,245,people marching,test
-K-ccLMFE5M,259,people marching,test
-KA76yUSK44,240,playing cello,test
-KCYC-n5Uag,22,wind chime,test
-KqXcm-I2zY,87,playing tennis,test
-KqXcm-I2zY,162,playing tennis,test
-O4W3NA5-uA,150,playing tennis,test
-RUvAmkAcgw,707,slot machine,test
-T8zbMNxdcw,207,swimming,test
-Y8sJDoL1YA,15,playing gong,test
-_umX4zgLVY,28,lions growling,test
-aXWYfAdovc,230,"bee, wasp, etc. buzzing",test
-lJctvybAJ8,30,playing vibraphone,test
-pBFsYisTCM,10,playing vibraphone,test
-yI3BN2OrO4,352,mouse clicking,test
-zgGL2o1jqw,80,toilet flushing,test
1_0T2ZIjWnw,31,"playing violin, fiddle",test
1_JeO9Pg1aQ,20,cricket chirping,test
1_v-Kro86Io,10,playing harpsichord,test
1kTMiyc5eXg,163,cricket chirping,test
1nbCJJtsruI,0,playing saxophone,test
1tobDIRRV0A,30,crow cawing,test
1tz4xNRRR4M,10,playing vibraphone,test
1vy-ZxTMQf4,377,people marching,test
1wdCX1HmRyk,140,cricket chirping,test
29dG2jHRuXI,37,people marching,test
2BR2Ivk_EFA,21,owl hooting,test
2BbBEozEiak,133,mouse clicking,test
2BbBEozEiak,186,mouse clicking,test
2DyD824KPFM,10,cricket chirping,test
2EaYSObne7M,369,people marching,test
2FrXzcm4YMc,70,playing gong,test
2K0NKi1wigk,340,toilet flushing,test
2MKPKDQcgVc,36,train wheels squealing,test
2NESqWU89V0,338,"playing violin, fiddle",test
2OOZIIosPX4,71,train wheels squealing,test
2TjVbDWZvcE,7,owl hooting,test
2ZNKLUHeJtg,30,playing cello,test
2_-SUOI680U,130,playing gong,test
2__T6Q8rCCA,80,"bee, wasp, etc. buzzing",test
2drXOn18U3Q,136,slot machine,test
2eDP3jKoUd4,30,owl hooting,test
2gyMDnt8e6k,411,playing tennis,test
2hNEs5VCQR8,106,playing trumpet,test
2laUv3y7OfA,30,playing harpsichord,test
2mYEjl-AOMs,0,lions growling,test
2szvfFHZTV0,160,swimming,test
2vYkvwD-fkc,10,playing harmonica,test
2vzUFWykARU,20,toilet flushing,test
36v-AEu7uAU,30,"bee, wasp, etc. buzzing",test
39jhSrtRm70,79,playing timbales,test
39jhSrtRm70,110,playing timbales,test
3FE8b0QVvsM,30,playing harpsichord,test
3FHOJZpzHIU,80,mouse clicking,test
3GtvLj8K1F4,140,playing harmonica,test
3JJ700tVT_0,2,toilet flushing,test
3O0a3DAcNLM,29,wind chime,test
3O7CzEL0pXA,421,people marching,test
3O7CzEL0pXA,496,people marching,test
3RSmQOcI9JI,105,slot machine,test
3X9dtfeV1mQ,40,playing saxophone,test
3YEd-09cIzc,0,owl hooting,test
3cThgRIaqgU,16,playing trumpet,test
3juGfzF29Sc,140,playing vibraphone,test
3mCWARDySc8,59,"playing violin, fiddle",test
3od9aUtrcz4,40,playing saxophone,test
3uLeK7Lr6W8,7,wind chime,test
3vpG1PgFF34,30,playing harpsichord,test
3yCaMM8can0,100,playing harmonica,test
3ypSlMWAZeo,239,people marching,test
3zRatdumh0M,90,playing trumpet,test
421CRF4HFlA,140,playing harpsichord,test
466XkuormNQ,30,playing harpsichord,test
7-COxzRtOEU,30,toilet flushing,test
76UZQRJq028,181,playing tennis,test
78J9QqSBsN4,30,train wheels squealing,test
7Hjc-4a_3t4,493,mouse clicking,test
7Hjc-4a_3t4,504,mouse clicking,test
7I2yJgXKncw,21,crow cawing,test
7LsJrF1AwZg,30,toilet flushing,test
7MbgmOLTLhk,30,owl hooting,test
7SKRc8oyLvE,9,train wheels squealing,test
7bPuwR5a-lg,75,swimming,test
7gTiMEazgmE,30,"playing violin, fiddle",test
7gfTPdlO-d4,63,playing timbales,test
7jzx664u5DA,110,playing saxophone,test
7rzEesL55fM,340,playing vibraphone,test
7xkj4XqaynU,2,crow cawing,test
7y9hIjH_7do,90,playing cello,test
885LO4H7I5M,14,swimming,test
88yxG2fMdwM,267,playing vibraphone,test
8JkrU-U1hCE,0,slot machine,test
8Nrp4jUZeGE,270,playing vibraphone,test
8S-R5p17_IE,160,playing saxophone,test
8TWXyry2Kc4,245,slot machine,test
8XpFjwhNYUE,170,"bee, wasp, etc. buzzing",test
8YaDsXWhDTA,496,playing trumpet,test
8aLFtBwGEJ0,1,"playing violin, fiddle",test
8mT-l6lcBsk,260,toilet flushing,test
8xpT2UQhzqE,84,playing tennis,test
9-A6dZ8mbjM,332,slot machine,test
91k-dD34c94,560,playing gong,test
91oWey75sC8,120,crow cawing,test
91vBzCaNTQ0,79,"playing violin, fiddle",test
91z1LeIpLbk,4,lions growling,test
91z1LeIpLbk,53,lions growling,test
93EUsIMPlKU,40,lions growling,test
99A5reksPts,520,"bee, wasp, etc. buzzing",test
9AUSYLKYKGg,1113,owl hooting,test
9HSUOow1vB4,0,owl hooting,test
9NUBwDtWAmk,30,"playing violin, fiddle",test
9Srnaag2tCo,79,"playing violin, fiddle",test
9Vj1UPzlrTc,30,playing harpsichord,test
9Xiu4xzzurQ,23,train wheels squealing,test
9ZCHzzCh5nk,30,playing cello,test
9a3zqFrIeGI,76,swimming,test
9dU2y2b_LBg,380,"bee, wasp, etc. buzzing",test
9i3NIA1NLeY,60,playing harpsichord,test
9iVLuQ403ww,39,slot machine,test
9j_FItO0jt8,30,cricket chirping,test
9rXAmXuAOw8,0,crow cawing,test
9s26XGoKYG0,250,playing harpsichord,test
9tDqkjQLtNM,96,train wheels squealing,test
9zPrLhdmgpg,31,slot machine,test
A24InXJHgOk,28,playing trumpet,test
A4a5VD-hmz4,16,people marching,test
A5RP_P_aFsk,10,playing vibraphone,test
A8gbOIvxvMA,30,playing cello,test
A9LkQyImgNI,30,playing cello,test
AA_XVhso6IU,244,"playing violin, fiddle",test
AB--KnXO_0c,30,playing gong,test
ABNmO9SewG8,30,"bee, wasp, etc. buzzing",test
AL7eCaqpzLk,569,swimming,test
ALtDtYnWFuo,30,playing cello,test
AM3p_hpT-0o,15,crow cawing,test
AXOtscWe2FQ,0,"bee, wasp, etc. buzzing",test
A_oaLt-n4fQ,220,"playing violin, fiddle",test
AbXauqq9ayY,120,playing saxophone,test
AcNCcWJezXI,30,playing harmonica,test
AdWWI5m-9u4,342,people marching,test
AgVUGzrzJ20,320,playing saxophone,test
Ah-IBgwj2lg,30,owl hooting,test
AiHq9qStg00,42,people marching,test
AiHq9qStg00,75,people marching,test
ApIuCbTZuxc,150,playing saxophone,test
AsAFnQXl6sc,604,mouse clicking,test
Awxvsh2tM48,500,cricket chirping,test
AyEGPZ3cFfY,43,owl hooting,test
Az8NdAwKHzo,8,lions growling,test
AzY_KZTSXJk,30,playing harmonica,test
B2L6sS4DsMY,0,playing harmonica,test
B5u3PG7PWDE,30,toilet flushing,test
B8-2EKrNwzo,120,cricket chirping,test
BAHUCFLX_oE,210,playing gong,test
BBgW_3zDdto,30,playing trumpet,test
BE0qaVGwpLE,278,mouse clicking,test
BEKeSHBu9qI,340,playing saxophone,test
BHf4pvm-gGM,30,playing cello,test
BNfeHeas6hA,76,lions growling,test
BO555bbZkDw,550,playing vibraphone,test
BP0iZLks5EY,34,lions growling,test
BPeLfS4NPEI,60,"bee, wasp, etc. buzzing",test
BT2JPFpMrzM,2,lions growling,test
BT2JPFpMrzM,18,lions growling,test
BUGx2e7OgFE,30,playing harmonica,test
BZTmMcmbNNg,0,slot machine,test
Bbnt3nKDZiI,150,cricket chirping,test
Bch9D2rDK1w,71,swimming,test
BiEt6Hc62go,0,crow cawing,test
BjhbSpnsbWc,53,swimming,test
BmS2NiuT2c0,160,train wheels squealing,test
BnjqGhAlFzs,30,playing harpsichord,test
ByMWTSOGXA8,30,owl hooting,test
ByndCEEPsu4,90,playing cello,test
BzcOUlROXVo,110,playing harmonica,test
C4m1KHjp03M,30,playing cello,test
CA5iF0mpXFE,30,playing harmonica,test
CGeBwiyrrl8,10,playing gong,test
CLkaBeRcGT0,2,playing timbales,test
CQpGLOiNpnI,590,playing saxophone,test
CR6wbyGorPg,72,wind chime,test
CZpzlNUH_Hc,30,cricket chirping,test
Cefeb2q4KSE,110,playing gong,test
CgMmtC41T9k,30,wind chime,test
CjuYza6dsvs,30,crow cawing,test
Ckv52MHdAeg,70,playing harpsichord,test
CpNfxbqRDUA,30,owl hooting,test
Cp_wgmmliuk,210,playing cello,test
CwHSb1NOi4c,30,playing vibraphone,test
CzhsbdoRfr0,330,playing harpsichord,test
D1Grrka9WdA,60,playing timbales,test
D6zJCzkFVRQ,30,playing cello,test
DDmCxUncIyc,30,crow cawing,test
DHSr8GMQSqw,28,playing tennis,test
DHXgiZqSoTg,270,playing gong,test
DNkzxmcMEKU,226,swimming,test
DQC78JSBJoo,0,slot machine,test
DQFC76IHiKs,30,"bee, wasp, etc. buzzing",test
DQLtNSPC7P0,480,playing saxophone,test
DTNQt1qO8xA,30,cricket chirping,test
DUSKxRMntZY,268,slot machine,test
DV1C1XbdG7A,220,playing harmonica,test
DVU3ovcB058,37,wind chime,test
Db6Hjt0x28k,56,playing timbales,test
DdxiyqivyTc,29,wind chime,test
DkhdvvtvwTE,20,owl hooting,test
DqFpx3mE9fQ,30,crow cawing,test
Dr_iScgnMPY,26,slot machine,test
Dt88SzvHRP4,80,playing cello,test
Dtj3xlb92Vk,70,playing timbales,test
DueBNdy7u9A,212,mouse clicking,test
DueBNdy7u9A,250,mouse clicking,test
Dx13FJh7_tU,22,owl hooting,test
DxPKk1IK930,370,playing gong,test
E-WjW9XWyq0,440,playing vibraphone,test
E81-l2bwh40,190,toilet flushing,test
ECP7EJka6N8,590,playing cello,test
EMUhJi30xJU,30,crow cawing,test
EO8nwfjhVtQ,30,playing harmonica,test
EPJp93NxFGM,70,swimming,test
EQrpQGyLR1Y,2,wind chime,test
EU0Vrwxs7pU,170,playing vibraphone,test
EUy-RsUXJ00,30,owl hooting,test
EVX-0lgG7Zo,120,playing saxophone,test
EW3ZkpsGNBA,1,wind chime,test
EeEAO0rmhE0,30,cricket chirping,test
Eh1m3vCCGdA,30,playing cello,test
EjqjnaA1nVg,30,playing trumpet,test
EqpfVJpHMD8,390,playing cello,test
F-mbfDB9bN4,20,toilet flushing,test
F0CgRLr_pTI,3,wind chime,test
F0xRrtS-_Wk,30,crow cawing,test
F2a-LMXUKcY,32,mouse clicking,test
F2a-LMXUKcY,62,mouse clicking,test
F3gsbUTdc2U,90,wind chime,test
FHaWu2rcP94,80,"bee, wasp, etc. buzzing",test
FLb3rJLGH9o,30,crow cawing,test
FO1ho1R18P8,140,playing vibraphone,test
FSAGhEQ3uFk,3,playing trumpet,test
FVk1LVQ5K98,530,"bee, wasp, etc. buzzing",test
Fj9Hv1gEJLA,30,crow cawing,test
FpLAlaQCI5w,10,playing harpsichord,test
FwVYUHKoLtQ,34,"playing violin, fiddle",test
Fy0aCDmgnxg,540,playing vibraphone,test
G7Fr50rWppo,40,train wheels squealing,test
G7JFyw4L_7A,70,toilet flushing,test
GCo2uCLXvhk,30,"bee, wasp, etc. buzzing",test
GESrnHr-SjU,21,owl hooting,test
GGHhYzhaIgI,300,playing harmonica,test
GGpaLV0l1ys,70,mouse clicking,test
GKPDhTCffNw,292,train wheels squealing,test
GKPDhTCffNw,468,train wheels squealing,test
GU7mq8uZgJo,135,playing tennis,test
GU7mq8uZgJo,431,playing tennis,test
GVg8Oz2xqe4,30,playing harpsichord,test
GWvFDXjp9lU,140,"bee, wasp, etc. buzzing",test
GYZPCfnQpGU,95,people marching,test
GYZPCfnQpGU,226,people marching,test
GZFzwZiomoI,10,wind chime,test
GbJ84ESfKOs,30,playing harmonica,test
GdmMt17iklQ,35,playing timbales,test
GgI_d01sJ8I,30,playing harmonica,test
GhEPMDQZ174,30,playing harpsichord,test
GnyxoE5mCeQ,30,playing saxophone,test
Grnk9p9P7Qk,17,toilet flushing,test
GsBd9c0-Mk4,330,playing harpsichord,test
GteGTGl7sE0,0,lions growling,test
Guwl5G6Wr4Y,30,playing cello,test
GvBjQc3Tywo,130,playing harpsichord,test
H88-QfYsn2s,496,swimming,test
H8KqQWxixQU,30,playing harmonica,test
H8q7kRegenA,490,playing vibraphone,test
HByDu4uOFY4,246,playing trumpet,test
HFi-z3dCVZE,0,playing trumpet,test
HNEGSr6z4oQ,591,people marching,test
HN_mjGAWjJ4,171,playing timbales,test
HQAaW-5IwHo,2,cricket chirping,test
HQAaW-5IwHo,16,cricket chirping,test
HUgKjkp-7M8,13,owl hooting,test
HVnJ1PKOR-4,77,slot machine,test
HZRJxOXw2os,207,people marching,test
HaLZD-2ppdU,8,lions growling,test
Hbp4cnuQS_Q,80,playing harmonica,test
HgT_xT587MY,30,owl hooting,test
HoJJ9jdljtw,292,playing trumpet,test
Ht9kn-X06os,184,wind chime,test
HwBF6_2E-xM,20,slot machine,test
Hxf1seOpijE,10,playing vibraphone,test
I-gq3pYlyJY,30,playing harmonica,test
IC9hh-3zlQY,792,wind chime,test
IClqeKMGVdQ,58,slot machine,test
IHlgJYdUxKo,30,crow cawing,test
IMWPb20akf8,51,slot machine,test
INQWH7mOGeQ,30,cricket chirping,test
IOA_DhIDXi8,7,lions growling,test
IOqtQmToNFg,10,playing vibraphone,test
IVZQRMQULlQ,100,playing cello,test
IZ51tUuibq8,30,owl hooting,test
IZR4G9Hhy5U,30,playing cello,test
I_xgEGprZYM,737,mouse clicking,test
IiYSoGSDUY8,30,playing harpsichord,test
IixugYA0nKg,135,people marching,test
IjOKUlm9OYo,12,playing tennis,test
IjvJou8tIXU,30,playing harmonica,test
IjvWW6rr77c,140,playing harmonica,test
InjDI0taSEQ,350,"bee, wasp, etc. buzzing",test
IpCLfHuI_VM,172,wind chime,test
IwIX_vDHTNo,355,swimming,test
J-MC4VxOaJc,511,playing trumpet,test
J1-Qvl7u2TI,0,crow cawing,test
J4IWp4vNFnw,100,slot machine,test
J5wBPfpzJgE,0,mouse clicking,test
J6bVy2iKZZM,138,swimming,test
JCapiyzc_AA,30,playing harmonica,test
JIMJ7ewIoPA,30,playing harmonica,test
JIVlpGCaiTs,30,playing gong,test
JJGG0i1B0e0,334,playing timbales,test
JKX5mFZfLcY,0,mouse clicking,test
JOlFa2qjPig,53,wind chime,test
JQQcSiWzweM,120,people marching,test
JQ_4fYOd-R0,30,toilet flushing,test
JUnP6erXqAA,75,people marching,test
JVtcvgiilEU,30,playing harmonica,test
JdBTLOZo3dA,180,"playing violin, fiddle",test
JlmUCZKjkuY,244,"playing violin, fiddle",test
JwhuPQxlCpg,30,toilet flushing,test
K1PzpuR6CqY,10,playing trumpet,test
K6UW_LgkIjs,30,crow cawing,test
K8IPtE5e0Ms,70,swimming,test
KAVxfY_grPQ,0,playing trumpet,test
KBmULhoBXDY,10,playing tennis,test
KDE80kI1Kf0,40,owl hooting,test
KGvBATcuyLY,10,wind chime,test
KH7rmkQNQgY,260,"bee, wasp, etc. buzzing",test
KHkVbX3cdcU,127,wind chime,test
KL0x2wC-vF0,0,playing trumpet,test
KPG9s_s8siA,30,playing vibraphone,test
KUrZc88Ma3g,10,playing harmonica,test
KVqJ750fZmY,10,playing gong,test
KWxQKX94CL4,85,owl hooting,test
KXlV03qy1K4,27,crow cawing,test
KY7vlwsv2ls,320,swimming,test
KacYEZwBTY4,50,playing timbales,test
KbIIrQtBjk8,70,owl hooting,test
KdioKgAO4cQ,59,playing timbales,test
KeKNhZElHtg,560,mouse clicking,test
KlVO3gu-j70,190,playing vibraphone,test
KoOR7T5kM1c,30,playing gong,test
Kp_F7FrKrSc,210,playing trumpet,test
KqSAGwa49MM,30,playing harpsichord,test
KuFurXDu4l8,0,people marching,test
KxzuJRh9GaQ,30,owl hooting,test
KzerdnnE7iY,437,playing tennis,test
KzerdnnE7iY,457,playing tennis,test
LExYeHF-ypk,130,playing cello,test
LOj1kNzRycU,196,swimming,test
LRlrFudaEs8,0,"bee, wasp, etc. buzzing",test
LS6efNeNaFs,187,wind chime,test
LTD5rh_DOTY,260,owl hooting,test
LU2T3Q-xbu0,27,owl hooting,test
LXZNhyX5SkE,77,train wheels squealing,test
LXZNhyX5SkE,206,train wheels squealing,test
LYvgJX8p6YU,30,owl hooting,test
LaGXHHzobMA,12,crow cawing,test
LdpRTw1ieMI,30,crow cawing,test
Ln3BmBHAJ-c,430,playing cello,test
Lryk9Xx53DM,60,playing cello,test
LzoAb4spthk,42,slot machine,test
MA4zjfLf-zE,171,playing timbales,test
MAr-k9ZO3eA,30,playing harpsichord,test
MBpo7SjWMLk,1,playing tennis,test
MBpo7SjWMLk,57,playing tennis,test
MCmoP0OTqY8,210,playing vibraphone,test
MHT46cURY6c,30,crow cawing,test
MMcIAn91Zrc,5,wind chime,test
MOEE9uo6MCk,20,toilet flushing,test
MOQ3Sch50nk,147,lions growling,test
MZTcAV-VIvs,10,playing saxophone,test
MaHNl_UKEgU,0,playing harpsichord,test
MbtkL5_f6-4,0,playing cello,test
McCDWYgVyps,30,playing trumpet,test
McM8ub5JMi4,220,"bee, wasp, etc. buzzing",test
MeF_9KT_T8k,40,lions growling,test
MeF_9KT_T8k,71,lions growling,test
MetDvJdgZ64,49,lions growling,test
MetDvJdgZ64,63,lions growling,test
MhXao_uVwqk,124,swimming,test
MnGVz1Xu4L4,46,train wheels squealing,test
MnGVz1Xu4L4,75,train wheels squealing,test
Mo0WiG_6T80,11,playing gong,test
MqJra27MtFc,0,wind chime,test
MvuRDIQ9Kf0,0,playing harpsichord,test
NCSXKxmlusY,0,crow cawing,test
NCvAt5g3Zgo,31,playing tennis,test
NFkZs_B6Cew,6,people marching,test
NIuu97_y33A,30,playing cello,test
NKvL6apPfhw,0,owl hooting,test
NNconY31dlU,40,playing trumpet,test
NYKrP5HnEC8,30,playing gong,test
N_NCQdSQ0eA,220,toilet flushing,test
NboCft3LZAg,140,playing saxophone,test
NebVdva9eyg,29,people marching,test
NgAEMX5d5iM,83,train wheels squealing,test
NgCb15bD3eo,0,playing harmonica,test
NjFkfmusEbM,140,playing saxophone,test
NsbLeONN0-c,188,"playing violin, fiddle",test
NwJA3sn2O78,195,people marching,test
NynrI4Tm9zo,52,playing timbales,test
O3Cl6lDfdAo,198,wind chime,test
O3X4v0Kdtig,226,slot machine,test
O4XYhK_tQnk,28,"playing violin, fiddle",test
O67-3jP1DUs,443,slot machine,test
OGyMalgBFxY,1,lions growling,test
OHZIUdHm6b4,78,people marching,test
OWRq3B8Sd24,240,playing harmonica,test
ObktirfMcns,100,cricket chirping,test
OebTD1Qqjys,55,cricket chirping,test
OhR_eNcgsfg,0,crow cawing,test
Olfg9KK_bmE,11,cricket chirping,test
OnJaLTDVxjQ,240,toilet flushing,test
P79MiEXW6Ns,41,lions growling,test
PaZ4aVEsPsE,19,"playing violin, fiddle",test
Pjw2A3QU8Qg,0,playing trumpet,test
Ps_FhOvSmTM,180,playing saxophone,test
Pzy4xTPzMiM,28,slot machine,test
Q0ajM7aL-Vc,30,"playing violin, fiddle",test
Q1n6LAxY7uY,138,lions growling,test
Q1n6LAxY7uY,203,lions growling,test
Q4cVLAbRVDc,45,wind chime,test
QAjepby044Q,40,"playing violin, fiddle",test
QBj5dyzsJkY,7,cricket chirping,test
QFIEGoEUJNk,250,playing vibraphone,test
QFnwnAHcttY,30,toilet flushing,test
QHkb-WsSsDI,0,mouse clicking,test
QJfusheJ-uE,55,playing timbales,test
QTT0Cc70d5k,48,playing harpsichord,test
QXSNf9K-YZw,94,wind chime,test
Qi6OGzsTbOo,109,playing tennis,test
QjGD_BNFt58,84,swimming,test
QnUf5DDKp8s,50,"bee, wasp, etc. buzzing",test
QqyUVqi3fOg,95,train wheels squealing,test
QrsgFZBBrzo,250,playing harmonica,test
QupB4NN8fI0,30,playing cello,test
Quz0khHKKAg,262,playing timbales,test
Qx5trtkwnUk,377,wind chime,test
QymYi-QzlJo,80,playing vibraphone,test
RA8ck5zeHM0,0,toilet flushing,test
REAlPEWq33c,340,playing saxophone,test
RGB0pMtcGhc,90,playing saxophone,test
RGbFZcXDZJw,8,slot machine,test
RJmH-Tx9XuQ,145,playing tennis,test
ROCl79fqrSM,519,playing tennis,test
ROtaeOZoTqU,196,train wheels squealing,test
R_B5ruT7kAI,0,train wheels squealing,test
Rd4J03pDav8,348,playing tennis,test
RfLGBTAXx_E,60,"bee, wasp, etc. buzzing",test
Rg-vGSWc0sk,458,people marching,test
RgEEH6TgOEI,20,playing gong,test
RgyqhpOJFM4,30,playing cello,test
RmUG1ffgKFw,170,playing saxophone,test
Rt95T3Nzfag,30,playing harmonica,test
RuHSkgQf3uw,19,playing timbales,test
Rx_RzJ4-Jbg,70,people marching,test
RyOySHPhn0o,200,playing saxophone,test
S0tXw0I2l8M,286,swimming,test
S7WDWv7kqhg,197,people marching,test
S8RC6WZFqjk,72,playing timbales,test
SGnZxcS7VKA,10,playing trumpet,test
SHuQTeX-3Ms,209,wind chime,test
SMAOB1Wt6QQ,406,playing tennis,test
SMAOB1Wt6QQ,426,playing tennis,test
SMkVCM9GfO8,30,playing harpsichord,test
SOCnHo6nlrQ,209,wind chime,test
SR1a5VJqF8w,80,playing cello,test
ST06L3u-WOo,240,cricket chirping,test
SUclDZHax0w,120,playing vibraphone,test
SdYcF6eaVhI,10,wind chime,test
SdtxQcBJjBs,60,playing saxophone,test
SfoN3MJ1RCI,30,owl hooting,test
Skrr-UgHeHg,8,lions growling,test
SmuyUnEZaJw,30,crow cawing,test
Ss1zpZjEaE8,20,playing cello,test
SsloEIMVDmk,16,mouse clicking,test
SuND8p4dhos,367,playing harpsichord,test
Sx3WV9GSOmc,60,playing cello,test
SzhOVP7BXUE,0,crow cawing,test
T-SCw4PMUYI,490,playing harmonica,test
T0x6z65J-_M,334,swimming,test
T7SR0jZj4zA,0,playing gong,test
TMWj5Y6djcM,40,slot machine,test
TOUHOWRpQYA,230,mouse clicking,test
TOUHOWRpQYA,247,mouse clicking,test
TR4-xSB97w8,30,crow cawing,test
TUpX4p-Ej_o,336,train wheels squealing,test
TUpX4p-Ej_o,390,train wheels squealing,test
T_kADs0ZIeM,713,people marching,test
Ta3F2prvIZY,91,slot machine,test
TipVfZMxZbk,10,playing saxophone,test
TkrtTUPxHNI,30,playing harpsichord,test
TmXQL325rjw,450,slot machine,test
TmukiN_btGw,500,"bee, wasp, etc. buzzing",test
TpX4tu7GrUw,90,toilet flushing,test
Tr7PDdzq40o,180,playing harpsichord,test
TslB1VMKXmM,10,toilet flushing,test
TstsLM4IUV8,128,"playing violin, fiddle",test
TuRlMGut6iY,564,swimming,test
TxK2ZBfuuQY,70,playing saxophone,test
U-O1FcXeZCk,200,playing vibraphone,test
U0SjklNoHDU,69,playing timbales,test
U24BkLFGDtg,490,"bee, wasp, etc. buzzing",test
U2Ek06LbrYs,30,crow cawing,test
U4LITdDmjvg,11,toilet flushing,test
U7WkuGO-lps,20,toilet flushing,test
U7nHdo5Bx9g,70,playing gong,test
U8kJ9DFX6S0,140,toilet flushing,test
UEbEmg3RuDM,2,swimming,test
UFyOGqmITjM,0,"playing violin, fiddle",test
UILmgKExLgk,95,wind chime,test
UPJO0UCBmPU,246,playing timbales,test
UUoEKp0yqLY,120,"bee, wasp, etc. buzzing",test
UWFjhEYXbbU,9,cricket chirping,test
UY4v-zjlnlo,10,"playing violin, fiddle",test
UYDvZc4lWYk,240,playing gong,test
UZsUsESxEp4,70,"bee, wasp, etc. buzzing",test
U_bYlL9ap-o,60,owl hooting,test
Ubd5GQAZMEo,373,slot machine,test
Uq3iKbCNDCM,60,playing harpsichord,test
UrluLxHLwQM,110,toilet flushing,test
Us0qIYoVRvU,144,slot machine,test
UwKwH8VH418,1,mouse clicking,test
UzEFRNWEqQ4,130,playing cello,test
UzUTFdlYT68,55,owl hooting,test
V-luZXfkZ9k,0,playing cello,test
V4YUpQKeKD4,20,playing vibraphone,test
V7edkwJsgN0,30,playing cello,test
VBQPcmmUkkg,10,playing harpsichord,test
VCdHfU5YbsQ,80,owl hooting,test
VFTNOF77bMs,500,playing trumpet,test
VKekx2cvfcM,30,playing gong,test
VN5W9piaNOw,63,swimming,test
VUeoWEgUMrg,16,"bee, wasp, etc. buzzing",test
VfquVEoPZq8,40,lions growling,test
VfquVEoPZq8,97,lions growling,test
VimrLKGBCNE,19,lions growling,test
VkABXTeQSKk,99,people marching,test
VoQu9t04E6w,55,lions growling,test
Vp4lOXVBQzQ,10,owl hooting,test
VrZkUqz2WZI,290,toilet flushing,test
VrljAMqy9dA,420,playing saxophone,test
VzrRMzQIt4I,142,playing tennis,test
W-QnsZHrJIs,10,wind chime,test
W0-Dlx23VXM,30,owl hooting,test
W1L7JTsJHvE,10,playing saxophone,test
WAUn8kFhvZw,0,owl hooting,test
WJLbFJxe11o,30,playing harmonica,test
WKBgoWKeWz4,11,swimming,test
WQQfK8Bqkw0,230,playing saxophone,test
WVS46ZGovGw,30,crow cawing,test
WdFo-w5z_gY,370,playing vibraphone,test
We8gO_xIDcQ,18,playing timbales,test
We8gO_xIDcQ,29,playing timbales,test
WrSpubuVkN0,330,crow cawing,test
WsqTkkUzH5w,30,playing harmonica,test
WzmlUCUX6WM,70,toilet flushing,test
X1B6bDrgzXM,50,train wheels squealing,test
X50vQ1-1Z3g,60,playing saxophone,test
X56iQAG3saE,304,playing timbales,test
XCgEMeRpPls,129,train wheels squealing,test
XEw7WNDHP6I,150,"bee, wasp, etc. buzzing",test
XG8XxiINpaI,70,playing gong,test
XPxukUQmF00,30,crow cawing,test
XQgpjAopsc4,0,lions growling,test
XTTwdfHYq1k,698,mouse clicking,test
XUOOhMM9aZM,420,playing gong,test
XUlxqSC9j9s,7,wind chime,test
XaIep0xC8BA,117,playing timbales,test
XfjpzOUNu4E,30,owl hooting,test
XpQ_eTjyFrw,30,crow cawing,test
Y02VBGoTi9w,240,playing vibraphone,test
Y3yXAMiFgyI,30,playing harpsichord,test
Y7aU3aCEf5A,30,playing harpsichord,test
YN5CTUvVDGw,200,playing gong,test
YROOI2kKvGw,260,"playing violin, fiddle",test
YSLun3TqE08,150,playing cello,test
YVd117zCTOM,240,playing saxophone,test
YYgdY9YrVBs,340,toilet flushing,test
Ya5GiXz1gbA,19,wind chime,test
YetymMpBcvY,4,cricket chirping,test
YgUzaYuDSRo,1,lions growling,test
Yj4i4C-CZ7M,0,"bee, wasp, etc. buzzing",test
YjJa2bx67BY,330,playing cello,test
Yn2KgQjK5R4,200,toilet flushing,test
YsHxZjm-zg8,120,"playing violin, fiddle",test
Z22pFIAFD98,0,playing cello,test
Z2GITxJJ50U,220,cricket chirping,test
Z6QNN-aESFI,127,playing timbales,test
Z9vYvEu9vC4,370,cricket chirping,test
ZENfhZYyv-M,30,crow cawing,test
ZIPScztJi0M,49,cricket chirping,test
ZJ3rcQ7kvA8,632,mouse clicking,test
ZK2rF-mQ1Qk,10,slot machine,test
ZUp2sBZvw5Q,82,train wheels squealing,test
ZcQ_w49a8UU,66,mouse clicking,test
Zhu5ogju62A,1,owl hooting,test
ZiP7thXpDDQ,5,slot machine,test
Zl0rf_cK2TI,159,swimming,test
ZmFK3cZyM6k,1,swimming,test
Zook_bGHT3E,30,playing cello,test
ZxWfqAhmnpg,50,toilet flushing,test
ZxeWC_7r0rg,16,owl hooting,test
_0m_YMpQayA,168,playing tennis,test
_AfYlb7oEsg,330,toilet flushing,test
_XA3BaNyf4Q,69,"playing violin, fiddle",test
_ZC6yk5iE1I,26,playing trumpet,test
_ZgmqR5ObYg,120,playing harpsichord,test
__tbvLNH6FI,110,playing harpsichord,test
_hd1tNgkZz8,9,"playing violin, fiddle",test
_jB-IM_77lI,0,playing tennis,test
_pGWT7NWrTY,18,mouse clicking,test
_pGWT7NWrTY,40,mouse clicking,test
_peXjzFQ2_c,30,playing trumpet,test
a4BjqKd8FsI,160,playing vibraphone,test
a7cRojOdljw,169,playing tennis,test
aBI4otPGdKU,390,playing harmonica,test
aE-_vO4AagE,70,toilet flushing,test
aHx50zHbHbE,13,"playing violin, fiddle",test
aJpAmCQy3HY,57,train wheels squealing,test
aKWG9CWMoWo,696,mouse clicking,test
aOOqSWgmRJM,33,"playing violin, fiddle",test
aSDfi0CMrKg,63,lions growling,test
aUx0xMF9pwU,20,playing vibraphone,test
aZxm-nYkpNs,3,cricket chirping,test
ab3X6tqW-wg,251,slot machine,test
adh99_Q735w,140,playing gong,test
as7MhTe961k,170,playing saxophone,test
b3vr1k3gAQE,0,"bee, wasp, etc. buzzing",test
b6RkOuPoVWU,130,playing harmonica,test
b9QbvDDoPsU,160,playing saxophone,test
bFfr9DS2qgA,340,playing harmonica,test
bGk6gbxWzCQ,30,playing gong,test
bHNdoIWxXDk,200,playing harpsichord,test
bJB2A8QPl8w,70,playing saxophone,test
bKlj1LbM6wI,120,"bee, wasp, etc. buzzing",test
bLT5nbwpVOw,0,playing saxophone,test
bMYRySDXzco,178,wind chime,test
bMYRySDXzco,257,wind chime,test
bNvp4y9WSGM,30,"playing violin, fiddle",test
bPwAxV8iEfA,100,playing trumpet,test
bQABY9H1h1Y,280,cricket chirping,test
bRMhCq4dB9k,3,wind chime,test
bWyrxAZCOhA,20,playing cello,test
baayJxbQepY,188,playing timbales,test
bhvuDEOfMxo,143,playing timbales,test
bkIBHUh7LrE,115,cricket chirping,test
bkIBHUh7LrE,126,cricket chirping,test
bmKtI808DsU,9,lions growling,test
boPZxCznYbc,30,crow cawing,test
bp-XBkdA4rM,385,people marching,test
bqmWNU5oLZM,7,crow cawing,test
btzP6UEH1pI,412,slot machine,test
bydVpoBELn8,235,mouse clicking,test
c25HvZPRCsA,330,playing harpsichord,test
cD7zMUwX7T4,38,"playing violin, fiddle",test
cEjYmO5-dLk,10,playing cello,test
cM_VbOBRWK8,0,playing harmonica,test
cN5WLE0XTsE,185,playing timbales,test
cONmLYsDHl0,18,people marching,test
cXHEvHylsHg,230,playing harmonica,test
cYS85XxZMuE,120,toilet flushing,test
caI1iADQPVA,130,toilet flushing,test
cagBxHqLuKA,11,playing trumpet,test
ce9zi0YdC00,205,swimming,test
cscwHKeJ9n4,0,"playing violin, fiddle",test
d6np1zhRar0,240,playing saxophone,test
dFiGYIa6wfY,0,"bee, wasp, etc. buzzing",test
dP6opIF4AEA,350,cricket chirping,test
dY1Qd53MF4I,310,"bee, wasp, etc. buzzing",test
da-UIZplRqE,30,playing gong,test
dbD0nVfy9RU,0,playing trumpet,test
de8skUrbdUc,30,cricket chirping,test
deVyPq-AHfc,430,playing harpsichord,test
dfrps0BtQQQ,80,playing vibraphone,test
dg7oSv2R4AE,44,playing trumpet,test
dmHcDWrMH-8,60,"playing violin, fiddle",test
dmOYEzKEWew,85,train wheels squealing,test
dmOYEzKEWew,158,train wheels squealing,test
do1y1bkL14M,300,"bee, wasp, etc. buzzing",test
doaQC-S8de8,0,playing trumpet,test
ds-nE2iRIRw,106,swimming,test
dulZ4FPi7gg,170,toilet flushing,test
dvR0Km6r2KI,380,"bee, wasp, etc. buzzing",test
dwEU1TXu5bw,174,slot machine,test
dxN1J8CvLdE,0,playing trumpet,test
e2yjPsXo4_M,16,crow cawing,test
e8l9BGprwb0,16,lions growling,test
eFueCoTecKY,159,train wheels squealing,test
eJ2AKzgNkyA,120,playing vibraphone,test
eMN-HFZMaKc,160,playing gong,test
eMQySEjyCUw,160,playing vibraphone,test
eW0xSVw2gXc,290,playing gong,test
eZ5iippq3rA,30,crow cawing,test
eeiDM1H_Y-w,20,toilet flushing,test
eiyyoUt64Zc,100,playing trumpet,test
eq2XqmviZD4,85,playing trumpet,test
eqgRyEINfKM,335,playing tennis,test
eskqejEOXyU,45,train wheels squealing,test
eskqejEOXyU,102,train wheels squealing,test
evvK3lYqQ00,89,playing timbales,test
ewzjWBrHReg,144,wind chime,test
exd1pvWXbfU,9,mouse clicking,test
f0nHj0CzOIc,12,swimming,test
f1t07gkcfR8,110,toilet flushing,test
f8cJ5g7Pe88,30,crow cawing,test
f9sagpKa8Zo,40,playing saxophone,test
fCx7XGkuLfk,30,crow cawing,test
fJNauQt9Di0,150,"playing violin, fiddle",test
fPFpRsKbzfU,0,owl hooting,test
fPMwOPwurKU,10,playing vibraphone,test
fa0lR26K23E,450,playing vibraphone,test
favWHteInt0,448,wind chime,test
fbdz2U-fJsk,110,owl hooting,test
fdOYVf1E8O4,5,playing tennis,test
fnCf7sDpVXo,170,playing gong,test
foMCFJxrWnE,270,"bee, wasp, etc. buzzing",test
fowc2nadbvE,0,playing trumpet,test
fsJdW_6HePY,80,playing tennis,test
fxUSMBlLOso,12,train wheels squealing,test
fzG0Ntou1sc,81,playing tennis,test
fzlYfY5A5sM,250,"bee, wasp, etc. buzzing",test
g1B7AXhFQ1I,60,slot machine,test
g1P3w8kwGN0,70,wind chime,test
g295Y8wuo7w,24,playing trumpet,test
g87FgSOzbvo,23,playing trumpet,test
g8USMvt9np0,10,playing vibraphone,test
gBRTGtmHZW0,154,slot machine,test
gKCdntEVJVU,11,playing tennis,test
gLSoyIcevss,30,"playing violin, fiddle",test
gPw-sP3px30,2,wind chime,test
gPw-sP3px30,208,wind chime,test
gQUhn5sq5rs,9,lions growling,test
gUxQ5nOqusk,291,mouse clicking,test
gYw7UgO2usI,30,playing harpsichord,test
gYxWz9JAbjE,48,slot machine,test
gcyPMu7k1LM,184,playing timbales,test
gd2-qjVH_DI,20,playing timbales,test
gd2-qjVH_DI,32,playing timbales,test
ge191yHHQio,30,playing harpsichord,test
ghOfjHwwA-o,223,playing tennis,test
gj57rI1_JX8,30,crow cawing,test
gpyUJCmt3vE,363,playing trumpet,test
grryyLLuWk0,34,wind chime,test
gseikrqMhAY,29,owl hooting,test
gu742sT-4Y0,330,playing cello,test
gyW4t5ogLyE,30,crow cawing,test
hB2DZcypK0Y,187,playing tennis,test
hHceJPFc1Iw,140,cricket chirping,test
hKcSZfv9gms,1,playing trumpet,test
hRHKxyErgZw,30,crow cawing,test
h_m8EqsraXs,72,lions growling,test
h_m8EqsraXs,206,lions growling,test
hd-3UmM2o3k,70,people marching,test
hidrmMfy49s,14,playing trumpet,test
hkvmrojwrzU,40,playing harmonica,test
hqh5Ve5225g,30,owl hooting,test
hrnJmoQW_-4,30,playing vibraphone,test
hrqspJV1DT8,79,lions growling,test
hrqspJV1DT8,99,lions growling,test
hsWx3U6etY8,18,cricket chirping,test
hykPnezhLZs,20,toilet flushing,test
i9Y6mLjjT-4,2,people marching,test
iEhCQX3a44k,313,slot machine,test
iEzcdCLsiwU,250,playing gong,test
iKwWzXGr_NY,330,crow cawing,test
iW4pt41OuA0,30,crow cawing,test
iW8es1xXsG4,225,people marching,test
iW8es1xXsG4,533,people marching,test
iWak8wPMXV4,558,swimming,test
iWmdwmSL_xk,336,wind chime,test
ia3opw_Vu54,54,swimming,test
iahj0tFg7Js,729,mouse clicking,test
ifCmvLNQl3s,30,crow cawing,test
igU11WRJNrU,65,lions growling,test
igU11WRJNrU,106,lions growling,test
il1s5HHLfI8,152,slot machine,test
io2ZMAWqkeQ,10,lions growling,test
ioBOW6ynH28,10,playing cello,test
ir-oBeMltLY,260,playing gong,test
ixJyYMKAtgQ,60,playing gong,test
iz8en2Dt7vE,17,playing trumpet,test
j-JCj72-vCg,60,train wheels squealing,test
j-wEtmNLMgM,62,cricket chirping,test
j1d0rmakDN4,361,mouse clicking,test
j32gZWkBHUw,0,playing cello,test
j5kPPzlFzyM,148,people marching,test
j5kPPzlFzyM,251,people marching,test
jFnM9C8jCdE,161,playing harpsichord,test
jH6-RU2or84,40,toilet flushing,test
jJ6FWcy7B6M,52,train wheels squealing,test
jJp1gPilmxs,9,playing harmonica,test
jPGn0rqkLPY,80,playing gong,test
jPKhBkLgFLk,16,"playing violin, fiddle",test
jS93Dp3LPSY,0,playing saxophone,test
jUlH1iDMg3Y,10,playing saxophone,test
jh0nGY4dzHg,280,"bee, wasp, etc. buzzing",test
jhTQR8w9SYI,57,playing timbales,test
jlmyAZSidOQ,290,toilet flushing,test
jzxUgRqabsA,10,crow cawing,test
k2b3toww2Mw,1,lions growling,test
k4ExqQTNklk,210,toilet flushing,test
k4k-ULQJzAI,30,toilet flushing,test
kKPQ2keMp-4,193,playing timbales,test
kKqIgmARIoA,30,owl hooting,test
kLsZZrklCGw,27,mouse clicking,test
kLsZZrklCGw,71,mouse clicking,test
kQ7tkcg8Xag,300,people marching,test
kQ7tkcg8Xag,415,people marching,test
kV9bDDyCiEM,8,playing trumpet,test
kX4-OMWCdCc,150,playing cello,test
kaYBmFJzseo,30,playing gong,test
keVZ4cpnWXU,490,"bee, wasp, etc. buzzing",test
kmV2hj-I7Xo,97,"playing violin, fiddle",test
koUnrPY_3n8,7,cricket chirping,test
kpNBSTCVEx4,82,"playing violin, fiddle",test
kq6PDicCx9Q,84,playing timbales,test
ksHBqxzvbhM,19,slot machine,test
ktis2aZfphM,10,playing cello,test
ktxdNOu2P4E,11,lions growling,test
kwJKOXT5XR8,255,train wheels squealing,test
l-kcXXZIVLs,190,playing cello,test
l1S8rIqKfq4,50,slot machine,test
l52-LCtXNeE,10,"bee, wasp, etc. buzzing",test
l5g1RkSYZdw,30,playing harmonica,test
l78ooOwvRyY,0,toilet flushing,test
l7bje9Ay9Ig,20,train wheels squealing,test
l8huGsnYzus,23,wind chime,test
lDABsoatahM,0,playing cello,test
lO6X9-tGdT4,30,crow cawing,test
lX7W1jwY6-8,658,slot machine,test
lb_m2AVVb5M,100,playing cello,test
lkLg1kI06UM,406,slot machine,test
lsAu4_RaXHU,20,playing harmonica,test
lsY8RejLczg,176,slot machine,test
lu52106QS6E,25,playing trumpet,test
m-UoC__UpT8,30,cricket chirping,test
m5eWlvtbamk,130,"bee, wasp, etc. buzzing",test
mFuekXaEKXo,330,playing vibraphone,test
mU3BktTVq9Q,220,playing saxophone,test
mWaz8lJKZe8,140,playing trumpet,test
mY0sA1fc2IM,66,lions growling,test
mbyM2mDDRBk,80,"bee, wasp, etc. buzzing",test
meA5z8lSHhU,54,swimming,test
mhRdop55WeQ,300,playing cello,test
mkIilVe2qkg,110,cricket chirping,test
mkayu6dgMQs,190,playing gong,test
mlI6dSFpAhs,250,playing saxophone,test
mlnroDsO95Y,5,swimming,test
mywsmUl_07o,20,playing cello,test
n2JanKszFoQ,200,playing cello,test
nBV-l2UuGFo,81,slot machine,test
nH9Ezr_B9no,73,playing timbales,test
nKe3zn_yk94,31,slot machine,test
nLjl6I4astk,717,people marching,test
nMT7ANtG8cA,117,swimming,test
nSoebc2LfAo,530,cricket chirping,test
nXY2Vrfm0vY,1,slot machine,test
nZoC4wf7k9Y,160,playing gong,test
n_MNkvDX5Dk,170,playing gong,test
nnkzdwz1D8Q,280,cricket chirping,test
npcdmOfFZis,50,playing harmonica,test
ntfyeC178Tg,30,playing vibraphone,test
nvIIa2B7P_0,440,"bee, wasp, etc. buzzing",test
nwdZrUBojGs,100,playing vibraphone,test
ny11DBcW3hI,19,playing timbales,test
o0Aq9oY4JNk,6,"playing violin, fiddle",test
o505NNzv0TI,35,playing timbales,test
oOBByUjJtLY,0,playing gong,test
oSqoyk9FenQ,0,playing gong,test
oUaGeoOA6i0,224,playing timbales,test
oaKEAU7SoCE,30,playing harmonica,test
ok-srXYE5tg,4,wind chime,test
ov4fdnGwzWU,520,playing trumpet,test
oyxhHkOel2I,115,playing tennis,test
p-ASHwSVFSI,80,playing harmonica,test
p2wc5-uMbWw,30,"playing violin, fiddle",test
p4iWwYv6BuY,220,playing gong,test
p99Yp32hEbg,30,owl hooting,test
pAvk3k0LPtI,220,cricket chirping,test
pCF6jJMaCnU,30,playing harpsichord,test
pDUm_JKSk8k,120,playing saxophone,test
pFE9Y4ox72s,60,playing saxophone,test
pFgm8rJ27eg,60,playing tennis,test
pIhCGGAsoaA,97,mouse clicking,test
pIhCGGAsoaA,107,mouse clicking,test
pJpAIDrXzJY,120,"bee, wasp, etc. buzzing",test
pMWFhplFSEQ,0,playing vibraphone,test
pNin81AXlRY,5,lions growling,test
pX0Jhk6e2Uw,30,playing trumpet,test
pcGbob7fSgE,40,people marching,test
pcGbob7fSgE,71,people marching,test
q4zfKwfah_8,0,lions growling,test
q6X517iRwRk,188,swimming,test
qAOjOLJDHYw,30,crow cawing,test
qDGFFpUsf04,395,playing timbales,test
qDt3cA3GOUw,24,lions growling,test
qEtEMpphMK0,223,playing timbales,test
qHVFojkTCPI,0,playing harmonica,test
qWLvv_rrSH4,30,playing harmonica,test
qZelT2DOG4g,267,mouse clicking,test
qfCsJyj-gJo,24,playing timbales,test
qfhr7pKsEag,30,owl hooting,test
qiuxNtWXrZI,30,playing saxophone,test
qjHwmaKkMUc,18,mouse clicking,test
qlk02ytcnPU,50,playing vibraphone,test
qni67aUJbw4,160,playing vibraphone,test
qsupx-IXOzU,470,playing saxophone,test
qu14BGKi1lc,30,crow cawing,test
qu3cJGVvvWs,110,playing timbales,test
qu3cJGVvvWs,237,playing timbales,test
qvlTOhCmxvY,240,cricket chirping,test
qyQNZMPZLtU,60,"bee, wasp, etc. buzzing",test
r-bvvvv0sn4,0,playing gong,test
r29e99H14CI,1068,"playing violin, fiddle",test
r4BoQxrLtic,30,crow cawing,test
r6vYJjNnc6o,0,playing gong,test
rBzH1ZfKgX8,63,train wheels squealing,test
rHD9heHSUoQ,200,playing harpsichord,test
rISwHbEC01M,16,train wheels squealing,test
rJftCcAQZEY,460,cricket chirping,test
rLDm254jtZA,21,playing tennis,test
rLDm254jtZA,56,playing tennis,test
rUIGOcQMaSE,40,playing vibraphone,test
reAsBqZsfyo,110,playing saxophone,test
rlCetbDzOfE,61,people marching,test
rlxmevufILI,40,playing harmonica,test
rmI5PeG9tSY,30,"playing violin, fiddle",test
s2avsLDhTUM,62,cricket chirping,test
s4BRktytaS4,18,playing tennis,test
s87IYYmn1fQ,60,playing saxophone,test
sE7fflraCpY,9,playing gong,test
sF6jbD_KbVg,20,mouse clicking,test
sF6jbD_KbVg,56,mouse clicking,test
sH9j4mHGGkQ,120,"playing violin, fiddle",test
sZo_gHIm9mA,10,playing saxophone,test
sbkfFiRlJXc,21,owl hooting,test
sgkwq9a7mgU,0,toilet flushing,test
shRNXFTbd6M,55,playing tennis,test
shRNXFTbd6M,206,playing tennis,test
shkxVcpYF8c,222,mouse clicking,test
ssUcIXMQ9Sk,0,playing harmonica,test
syJs8zsdI8o,34,playing gong,test
t6ofi6eVHSw,310,playing harpsichord,test
teat8XuzuU4,0,cricket chirping,test
tiMD7FdhbPo,50,playing trumpet,test
tkq3HREJFi8,71,playing trumpet,test
tnepPZChA5U,219,"playing violin, fiddle",test
twAF2WFdZMk,143,slot machine,test
uCWzv5Ss-B0,30,playing harpsichord,test
uGgSgK2Jy68,246,train wheels squealing,test
uJNudEm4RMQ,82,wind chime,test
uPyvbwFea7o,75,people marching,test
uR0W234PpW4,17,owl hooting,test
uSBP9aYwfhU,18,owl hooting,test
uby2dcP6cmw,26,playing tennis,test
ukYd1nfdJlM,60,toilet flushing,test
unt16ejLIvM,276,swimming,test
uoCay5JXnn4,0,toilet flushing,test
v3nzRrcUBZk,52,train wheels squealing,test
vConpHixES0,90,playing harmonica,test
vNa6xjsD8wc,461,swimming,test
vao3k4Z115k,235,slot machine,test
vcLmtZ7--iI,217,people marching,test
vchsE_Dn7mo,112,playing timbales,test
vchsE_Dn7mo,147,playing timbales,test
vgDI9j-YEhQ,30,owl hooting,test
vgtB9UHIFpo,269,mouse clicking,test
vl60ONQpA_8,0,swimming,test
w6inG9Js2Fg,48,people marching,test
w8u3udq84LY,151,swimming,test
wFTlySgdWX4,30,playing vibraphone,test
wMfSmB7V8ag,80,playing harmonica,test
wRnBUv5KA94,24,train wheels squealing,test
w_HNeSi_UQ0,313,swimming,test
w_mRCETV-aU,4,playing tennis,test
waqwL6fKEE4,120,slot machine,test
wauLTa8cx-Y,159,playing gong,test
wdbIsk487Fw,100,"playing violin, fiddle",test
wfRWvI16wxw,47,lions growling,test
wfRWvI16wxw,86,lions growling,test
wnQskk_yWkI,11,owl hooting,test
x1MfwUhQQW8,69,wind chime,test
x7R2Pen7kM0,16,mouse clicking,test
x9BtE9mcnr8,227,swimming,test
xFpphkBfqvw,162,playing tennis,test
xJwJXKFTYgY,40,cricket chirping,test
xM4p5pmRAxM,30,playing harpsichord,test
xMCPVIiBrQo,107,swimming,test
xgD2aYuzcDQ,0,swimming,test
xgXd06kKFIQ,0,playing vibraphone,test
xiTI9orA7SA,21,playing timbales,test
xnA7O5ESAbY,30,"playing violin, fiddle",test
xnMI64kXQA8,252,cricket chirping,test
xpNdK4BcIks,43,mouse clicking,test
y0CtU8_Den0,0,playing vibraphone,test
y5zc-NHIipw,30,owl hooting,test
y7mhiv2Ltc4,70,train wheels squealing,test
yInXc5FJNyc,119,train wheels squealing,test
yInXc5FJNyc,129,train wheels squealing,test
yOP7z54BXYo,30,playing harpsichord,test
yQWGYlXiqXk,2,swimming,test
yTbSUMpM5Ho,0,people marching,test
ygT6GIGVVgI,97,swimming,test
ylKvglDzBU4,70,playing vibraphone,test
yuQhlkeLh5U,51,playing timbales,test
yy0n-N17n04,10,playing harmonica,test
z7rxl5KsPjs,90,"playing violin, fiddle",test
zDFB8fW-L3k,327,mouse clicking,test
zLl7cGw-8yA,54,mouse clicking,test
zNbF006Y5x4,0,playing vibraphone,test
zOMh7kh4gPQ,4,playing timbales,test
zcPFRKqTD9I,470,cricket chirping,test
zdktzavoISw,104,people marching,test
zdktzavoISw,167,people marching,test
zhOI8JLAO8Q,1073,swimming,test
zk4YZ_mbx2c,12,playing tennis,test
zsSLTyIhuf0,0,playing tennis,test
zxPbEuAVEZU,0,playing gong,test
